insulin_used,total_patients,readmitted_30days,avg_medications,avg_los,readmission_rate_pct
No,34921,2842,13.959451333008792,3.9658371753386215,8.14
Yes,36597,3451,17.370658797169167,4.597617291034784,9.43
