los_band,total_encounters,readmitted_30days,avg_medications,readmission_rate_pct
1-2 days,23114,1623,11.59578610366012,7.02
3-4 days,22268,1861,14.808514460211963,8.36
5-7 days,16009,1654,18.285964145168343,10.33
8-14 days,10127,1155,22.97531351831737,11.41
