admission_type,total_encounters,readmitted_30days,avg_time_in_hospital,readmission_rate_pct
Elective,13917,1143,4.105554357979449,8.21
Emergency,36490,3262,4.315785146615511,8.94
Newborn,9,1,3.2222222222222223,11.11
Not Available,3174,265,3.8547574039067434,8.35
Not Mapped,291,21,2.993127147766323,7.22
Other,4588,452,4.524847428073235,9.85
Trauma Center,21,0,4.857142857142857,0.0
Urgent,13028,1149,4.462158428001228,8.82
