risk_category,total_patients,readmitted_30days,avg_los,avg_medications,avg_risk_score,readmission_rate_pct
Low Risk,101,2,1.6633663366336633,2.217821782178218,1.8,1.98
Medium Risk,4937,259,1.9244480453716832,5.542637229086489,4.092444804537169,5.25
High Risk,37510,2889,3.269794721407625,11.865662490002666,7.824161556918155,7.7
Very High Risk,28970,3143,6.02109078356921,22.45505695547118,13.119765274421814,10.85
